code,name,d_2026-05-29,d_2026-06-01,d_2026-06-02,d_2026-06-03,d_2026-06-04,d_2026-06-05,d_2026-06-08,d_2026-06-09,d_2026-06-10,d_2026-06-11,d_2026-06-12,d_2026-06-15,d_2026-06-16,d_2026-06-17,d_2026-06-18,d_2026-06-22,d_2026-06-23,d_2026-06-24,d_2026-06-25,d_2026-06-26,d_2026-06-29,d_2026-06-30,d_2026-07-01,d_2026-07-02,d_2026-07-03
512170,医疗ETF华宝,一直下跌,一直下跌,一直下跌,一直下跌,一直下跌,一直下跌,一直下跌,一直下跌,一直下跌,一直下跌,一直下跌,一直下跌,一直下跌,一直下跌,一直下跌,一直下跌,一直下跌,一直下跌,一直下跌,一直下跌,一直下跌,一直下跌,一直下跌,震荡下跌,震荡下跌
513180,恒生科技ETF华夏,一直下跌,一直下跌,横盘震荡,横盘震荡,横盘震荡,横盘震荡,一直下跌,震荡下跌,一直下跌,一直下跌,震荡下跌,震荡下跌,震荡下跌,震荡下跌,一直下跌,一直下跌,一直下跌,一直下跌,一直下跌,一直下跌,一直下跌,一直下跌,一直下跌,一直下跌,一直下跌
513330,恒生互联网ETF华夏,一直下跌,一直下跌,一直下跌,一直下跌,一直下跌,一直下跌,一直下跌,一直下跌,一直下跌,一直下跌,一直下跌,一直下跌,一直下跌,一直下跌,一直下跌,一直下跌,一直下跌,一直下跌,一直下跌,一直下跌,一直下跌,一直下跌,一直下跌,一直下跌,一直下跌
512000,券商ETF华宝,一直下跌,一直下跌,一直下跌,一直下跌,震荡下跌,一直下跌,一直下跌,一直下跌,震荡下跌,一直下跌,横盘震荡,震荡上涨,震荡上涨,震荡上涨,横盘震荡,震荡上涨,震荡上涨,震荡上涨,震荡上涨,震荡上涨,震荡上涨,强势,强势,强势,强势
159792,港股通互联网ETF富国,一直下跌,一直下跌,一直下跌,一直下跌,一直下跌,一直下跌,一直下跌,一直下跌,一直下跌,一直下跌,一直下跌,一直下跌,一直下跌,一直下跌,一直下跌,一直下跌,一直下跌,一直下跌,一直下跌,一直下跌,一直下跌,一直下跌,一直下跌,一直下跌,一直下跌
512880,证券ETF国泰,一直下跌,一直下跌,一直下跌,一直下跌,震荡下跌,一直下跌,一直下跌,一直下跌,震荡下跌,一直下跌,横盘震荡,震荡上涨,震荡上涨,震荡上涨,横盘震荡,震荡上涨,震荡上涨,震荡上涨,震荡上涨,震荡上涨,震荡上涨,震荡上涨,震荡上涨,震荡上涨,强势
512010,医药ETF易方达,一直下跌,一直下跌,一直下跌,一直下跌,一直下跌,一直下跌,一直下跌,一直下跌,一直下跌,一直下跌,一直下跌,一直下跌,一直下跌,一直下跌,一直下跌,一直下跌,一直下跌,一直下跌,一直下跌,一直下跌,震荡下跌,震荡下跌,震荡下跌,横盘震荡,横盘震荡
159636,港股通科技30ETF工银,一直下跌,一直下跌,一直下跌,一直下跌,震荡下跌,一直下跌,一直下跌,一直下跌,一直下跌,一直下跌,一直下跌,一直下跌,一直下跌,一直下跌,一直下跌,一直下跌,一直下跌,一直下跌,一直下跌,一直下跌,一直下跌,一直下跌,一直下跌,一直下跌,一直下跌
512690,酒ETF鹏华,一直下跌,一直下跌,一直下跌,一直下跌,一直下跌,一直下跌,一直下跌,一直下跌,一直下跌,一直下跌,一直下跌,一直下跌,一直下跌,一直下跌,一直下跌,一直下跌,一直下跌,一直下跌,一直下跌,一直下跌,一直下跌,一直下跌,一直下跌,一直下跌,一直下跌
515880,通信ETF国泰,强势,强势,强势,强势,强势,震荡上涨,震荡上涨,震荡上涨,震荡上涨,震荡上涨,震荡上涨,强势,强势,强势,强势,强势,强势,强势,强势,强势,强势,强势,震荡上涨,横盘震荡,横盘震荡
513050,中概互联网ETF易方达,一直下跌,一直下跌,一直下跌,一直下跌,一直下跌,一直下跌,一直下跌,一直下跌,一直下跌,一直下跌,一直下跌,一直下跌,一直下跌,一直下跌,一直下跌,一直下跌,一直下跌,一直下跌,一直下跌,一直下跌,一直下跌,一直下跌,一直下跌,一直下跌,一直下跌
588000,科创50ETF华夏,强势,强势,震荡上涨,震荡上涨,震荡上涨,横盘震荡,横盘震荡,横盘震荡,横盘震荡,横盘震荡,横盘震荡,横盘震荡,横盘震荡,震荡上涨,震荡上涨,震荡上涨,震荡上涨,超强势,超强势,超强势,超强势,超强势,超强势,超强势,超强势
512890,红利低波ETF华泰柏瑞,一直下跌,震荡下跌,震荡下跌,震荡下跌,横盘震荡,震荡下跌,震荡下跌,震荡下跌,震荡下跌,震荡下跌,震荡下跌,震荡下跌,一直下跌,一直下跌,一直下跌,一直下跌,一直下跌,一直下跌,一直下跌,一直下跌,一直下跌,一直下跌,一直下跌,一直下跌,一直下跌
513980,港股科技ETF景顺,震荡下跌,震荡下跌,横盘震荡,横盘震荡,横盘震荡,震荡下跌,一直下跌,一直下跌,一直下跌,一直下跌,一直下跌,震荡下跌,一直下跌,一直下跌,一直下跌,一直下跌,一直下跌,一直下跌,一直下跌,一直下跌,一直下跌,一直下跌,一直下跌,一直下跌,一直下跌
159928,消费ETF汇添富,一直下跌,一直下跌,一直下跌,一直下跌,一直下跌,一直下跌,一直下跌,一直下跌,一直下跌,一直下跌,一直下跌,一直下跌,一直下跌,一直下跌,一直下跌,一直下跌,一直下跌,一直下跌,一直下跌,一直下跌,一直下跌,一直下跌,一直下跌,一直下跌,一直下跌
159516,半导体设备ETF国泰,横盘震荡,横盘震荡,横盘震荡,横盘震荡,横盘震荡,横盘震荡,横盘震荡,横盘震荡,横盘震荡,强势,震荡上涨,震荡上涨,震荡上涨,震荡上涨,震荡上涨,超强势,强势,强势,超强势,超强势,超强势,超强势,超强势,超强势,超强势
513120,港股创新药ETF广发,一直下跌,一直下跌,一直下跌,一直下跌,一直下跌,一直下跌,一直下跌,一直下跌,一直下跌,一直下跌,一直下跌,一直下跌,一直下跌,一直下跌,一直下跌,一直下跌,一直下跌,一直下跌,一直下跌,一直下跌,一直下跌,一直下跌,一直下跌,一直下跌,震荡下跌
159941,纳指ETF广发,强势,强势,强势,强势,强势,震荡上涨,震荡上涨,震荡上涨,震荡上涨,震荡上涨,震荡上涨,强势,强势,强势,强势,震荡上涨,震荡上涨,震荡上涨,震荡上涨,横盘震荡,横盘震荡,横盘震荡,横盘震荡,横盘震荡,横盘震荡
563360,A500ETF华泰柏瑞,震荡上涨,震荡上涨,震荡上涨,震荡上涨,震荡上涨,横盘震荡,横盘震荡,横盘震荡,横盘震荡,横盘震荡,横盘震荡,震荡上涨,震荡上涨,强势,震荡上涨,强势,震荡上涨,震荡上涨,强势,强势,强势,强势,强势,震荡上涨,震荡上涨
159992,创新药ETF银华,一直下跌,一直下跌,一直下跌,一直下跌,一直下跌,一直下跌,一直下跌,一直下跌,一直下跌,一直下跌,一直下跌,一直下跌,一直下跌,一直下跌,一直下跌,一直下跌,一直下跌,一直下跌,一直下跌,一直下跌,横盘震荡,震荡下跌,横盘震荡,横盘震荡,震荡上涨
510300,沪深300ETF华泰柏瑞,震荡上涨,震荡上涨,震荡上涨,震荡上涨,震荡上涨,横盘震荡,横盘震荡,横盘震荡,横盘震荡,横盘震荡,震荡上涨,震荡上涨,震荡上涨,震荡上涨,震荡上涨,强势,震荡上涨,震荡上涨,强势,震荡上涨,强势,强势,震荡上涨,横盘震荡,震荡上涨
159870,化工ETF鹏华,一直下跌,一直下跌,一直下跌,震荡下跌,一直下跌,一直下跌,一直下跌,一直下跌,一直下跌,一直下跌,震荡下跌,横盘震荡,横盘震荡,横盘震荡,横盘震荡,横盘震荡,横盘震荡,横盘震荡,横盘震荡,横盘震荡,横盘震荡,横盘震荡,横盘震荡,横盘震荡,横盘震荡
159338,中证A500ETF国泰,震荡上涨,震荡上涨,震荡上涨,震荡上涨,震荡上涨,横盘震荡,横盘震荡,横盘震荡,横盘震荡,横盘震荡,横盘震荡,震荡上涨,震荡上涨,强势,震荡上涨,强势,震荡上涨,强势,强势,强势,强势,强势,强势,震荡上涨,震荡上涨
512070,证券保险ETF易方达,一直下跌,一直下跌,一直下跌,一直下跌,一直下跌,一直下跌,一直下跌,一直下跌,一直下跌,一直下跌,横盘震荡,横盘震荡,横盘震荡,横盘震荡,震荡下跌,横盘震荡,横盘震荡,震荡下跌,横盘震荡,震荡下跌,震荡下跌,震荡下跌,横盘震荡,横盘震荡,横盘震荡
159570,港股通创新药ETF汇添富,一直下跌,一直下跌,一直下跌,一直下跌,一直下跌,一直下跌,一直下跌,一直下跌,一直下跌,一直下跌,一直下跌,一直下跌,一直下跌,一直下跌,一直下跌,一直下跌,一直下跌,一直下跌,一直下跌,一直下跌,一直下跌,一直下跌,一直下跌,一直下跌,震荡下跌
562500,机器人ETF华夏,震荡上涨,震荡上涨,震荡上涨,震荡上涨,震荡上涨,震荡上涨,震荡上涨,震荡上涨,震荡上涨,横盘震荡,横盘震荡,横盘震荡,横盘震荡,横盘震荡,横盘震荡,横盘震荡,横盘震荡,横盘震荡,横盘震荡,横盘震荡,横盘震荡,震荡上涨,震荡上涨,震荡上涨,震荡上涨
513770,港股互联网ETF华宝,一直下跌,一直下跌,一直下跌,一直下跌,一直下跌,一直下跌,一直下跌,一直下跌,一直下跌,一直下跌,一直下跌,一直下跌,一直下跌,一直下跌,一直下跌,一直下跌,一直下跌,一直下跌,一直下跌,一直下跌,一直下跌,一直下跌,一直下跌,一直下跌,一直下跌
512800,银行ETF华宝,一直下跌,震荡下跌,震荡下跌,震荡下跌,横盘震荡,横盘震荡,震荡下跌,横盘震荡,横盘震荡,横盘震荡,横盘震荡,横盘震荡,横盘震荡,震荡下跌,一直下跌,震荡下跌,震荡下跌,一直下跌,一直下跌,一直下跌,一直下跌,一直下跌,一直下跌,一直下跌,一直下跌
515450,红利低波50ETF南方,震荡下跌,震荡下跌,震荡下跌,震荡下跌,横盘震荡,震荡下跌,震荡下跌,震荡下跌,震荡下跌,震荡下跌,横盘震荡,震荡下跌,一直下跌,一直下跌,一直下跌,一直下跌,一直下跌,一直下跌,一直下跌,一直下跌,一直下跌,一直下跌,一直下跌,一直下跌,一直下跌
588200,科创芯片ETF嘉实,强势,强势,震荡上涨,震荡上涨,震荡上涨,震荡上涨,横盘震荡,横盘震荡,震荡上涨,震荡上涨,震荡上涨,震荡上涨,震荡上涨,震荡上涨,震荡上涨,震荡上涨,震荡上涨,超强势,超强势,超强势,超强势,超强势,超强势,超强势,超强势
159859,生物医药ETF天弘,一直下跌,一直下跌,一直下跌,一直下跌,一直下跌,一直下跌,一直下跌,一直下跌,一直下跌,一直下跌,一直下跌,一直下跌,一直下跌,一直下跌,一直下跌,一直下跌,一直下跌,一直下跌,一直下跌,一直下跌,震荡下跌,震荡下跌,震荡下跌,横盘震荡,横盘震荡
159781,科创创业ETF易方达,强势,强势,强势,强势,强势,震荡上涨,震荡上涨,震荡上涨,震荡上涨,震荡上涨,震荡上涨,震荡上涨,震荡上涨,震荡上涨,震荡上涨,震荡上涨,震荡上涨,震荡上涨,震荡上涨,震荡上涨,强势,强势,强势,震荡上涨,震荡上涨
515180,红利ETF易方达,一直下跌,震荡下跌,震荡下跌,震荡下跌,横盘震荡,横盘震荡,震荡下跌,震荡下跌,震荡下跌,震荡下跌,震荡下跌,震荡下跌,一直下跌,一直下跌,一直下跌,一直下跌,一直下跌,一直下跌,一直下跌,一直下跌,一直下跌,一直下跌,一直下跌,一直下跌,一直下跌
159201,自由现金流ETF华夏,一直下跌,一直下跌,一直下跌,一直下跌,一直下跌,一直下跌,一直下跌,一直下跌,一直下跌,一直下跌,一直下跌,一直下跌,一直下跌,一直下跌,一直下跌,一直下跌,一直下跌,一直下跌,一直下跌,一直下跌,一直下跌,一直下跌,一直下跌,一直下跌,一直下跌
512400,有色金属ETF南方,震荡下跌,震荡下跌,横盘震荡,横盘震荡,横盘震荡,横盘震荡,一直下跌,一直下跌,一直下跌,震荡下跌,横盘震荡,横盘震荡,震荡上涨,震荡上涨,震荡上涨,横盘震荡,震荡下跌,震荡下跌,震荡下跌,一直下跌,震荡下跌,震荡下跌,一直下跌,一直下跌,震荡下跌
159949,创业板50ETF华安,强势,强势,强势,强势,强势,震荡上涨,横盘震荡,震荡上涨,横盘震荡,横盘震荡,横盘震荡,震荡上涨,震荡上涨,强势,强势,强势,震荡上涨,震荡上涨,强势,震荡上涨,强势,强势,震荡上涨,横盘震荡,震荡上涨
159326,电网设备ETF华夏,强势,强势,强势,震荡上涨,震荡上涨,横盘震荡,横盘震荡,横盘震荡,横盘震荡,横盘震荡,横盘震荡,横盘震荡,震荡上涨,强势,震荡上涨,强势,强势,强势,强势,震荡上涨,震荡上涨,震荡上涨,横盘震荡,横盘震荡,横盘震荡
159852,软件ETF嘉实,一直下跌,一直下跌,一直下跌,一直下跌,一直下跌,一直下跌,一直下跌,一直下跌,一直下跌,一直下跌,一直下跌,一直下跌,一直下跌,一直下跌,一直下跌,震荡下跌,一直下跌,一直下跌,一直下跌,一直下跌,一直下跌,一直下跌,一直下跌,一直下跌,一直下跌
513060,恒生医疗ETF博时,一直下跌,一直下跌,一直下跌,一直下跌,一直下跌,一直下跌,一直下跌,一直下跌,一直下跌,一直下跌,一直下跌,一直下跌,一直下跌,一直下跌,一直下跌,一直下跌,一直下跌,一直下跌,一直下跌,一直下跌,一直下跌,一直下跌,一直下跌,一直下跌,震荡下跌
512710,军工龙头ETF富国,一直下跌,一直下跌,一直下跌,一直下跌,一直下跌,一直下跌,一直下跌,一直下跌,一直下跌,一直下跌,一直下跌,一直下跌,一直下跌,一直下跌,一直下跌,一直下跌,一直下跌,一直下跌,一直下跌,一直下跌,一直下跌,一直下跌,一直下跌,一直下跌,一直下跌
159995,芯片ETF华夏,强势,强势,强势,强势,强势,震荡上涨,横盘震荡,震荡上涨,震荡上涨,震荡上涨,震荡上涨,震荡上涨,震荡上涨,震荡上涨,震荡上涨,震荡上涨,震荡上涨,震荡上涨,强势,强势,强势,超强势,强势,强势,强势
159819,人工智能ETF易方达,强势,强势,强势,强势,震荡上涨,震荡上涨,横盘震荡,横盘震荡,横盘震荡,横盘震荡,横盘震荡,横盘震荡,横盘震荡,震荡上涨,震荡上涨,震荡上涨,震荡上涨,震荡上涨,震荡上涨,强势,强势,强势,强势,震荡上涨,强势
515220,煤炭ETF国泰,横盘震荡,震荡上涨,震荡上涨,震荡上涨,强势,震荡上涨,震荡上涨,震荡上涨,震荡上涨,震荡上涨,震荡上涨,震荡上涨,横盘震荡,横盘震荡,震荡下跌,横盘震荡,震荡下跌,震荡下跌,一直下跌,一直下跌,一直下跌,一直下跌,一直下跌,一直下跌,一直下跌
159206,卫星ETF永赢,横盘震荡,震荡下跌,震荡下跌,震荡下跌,横盘震荡,横盘震荡,横盘震荡,横盘震荡,震荡下跌,震荡下跌,震荡下跌,震荡下跌,横盘震荡,横盘震荡,横盘震荡,横盘震荡,震荡下跌,震荡下跌,震荡下跌,横盘震荡,横盘震荡,横盘震荡,横盘震荡,横盘震荡,横盘震荡
159865,养殖ETF国泰,一直下跌,一直下跌,一直下跌,一直下跌,一直下跌,一直下跌,一直下跌,一直下跌,一直下跌,一直下跌,一直下跌,一直下跌,一直下跌,一直下跌,一直下跌,一直下跌,一直下跌,一直下跌,一直下跌,一直下跌,一直下跌,一直下跌,一直下跌,一直下跌,一直下跌
159915,创业板ETF易方达,强势,强势,强势,强势,强势,震荡上涨,横盘震荡,横盘震荡,横盘震荡,横盘震荡,横盘震荡,震荡上涨,震荡上涨,强势,强势,强势,震荡上涨,强势,强势,强势,强势,强势,强势,横盘震荡,震荡上涨
513090,香港证券ETF易方达,一直下跌,一直下跌,震荡下跌,震荡下跌,横盘震荡,震荡下跌,一直下跌,震荡下跌,震荡下跌,震荡下跌,横盘震荡,震荡上涨,震荡上涨,震荡上涨,横盘震荡,震荡上涨,震荡上涨,横盘震荡,横盘震荡,震荡下跌,震荡下跌,震荡下跌,震荡下跌,震荡下跌,横盘震荡
159851,金融科技ETF华宝,一直下跌,一直下跌,一直下跌,一直下跌,一直下跌,一直下跌,一直下跌,一直下跌,一直下跌,一直下跌,一直下跌,一直下跌,一直下跌,一直下跌,一直下跌,震荡下跌,一直下跌,一直下跌,一直下跌,一直下跌,一直下跌,一直下跌,一直下跌,一直下跌,一直下跌
518880,黄金ETF华安,一直下跌,一直下跌,一直下跌,一直下跌,横盘震荡,震荡下跌,一直下跌,一直下跌,一直下跌,一直下跌,一直下跌,一直下跌,一直下跌,一直下跌,一直下跌,一直下跌,一直下跌,一直下跌,一直下跌,一直下跌,一直下跌,一直下跌,一直下跌,一直下跌,一直下跌
513500,标普500ETF博时,强势,强势,强势,强势,震荡上涨,震荡上涨,震荡上涨,震荡上涨,震荡上涨,震荡上涨,强势,强势,强势,强势,强势,震荡上涨,横盘震荡,震荡上涨,震荡上涨,横盘震荡,横盘震荡,横盘震荡,横盘震荡,横盘震荡,横盘震荡
513750,港股通非银ETF广发,震荡下跌,一直下跌,一直下跌,一直下跌,震荡下跌,一直下跌,一直下跌,一直下跌,一直下跌,一直下跌,震荡下跌,震荡下跌,震荡下跌,震荡下跌,一直下跌,震荡下跌,一直下跌,一直下跌,一直下跌,一直下跌,一直下跌,一直下跌,一直下跌,一直下跌,一直下跌
159755,电池ETF广发,横盘震荡,横盘震荡,横盘震荡,横盘震荡,横盘震荡,震荡下跌,一直下跌,震荡下跌,一直下跌,一直下跌,震荡下跌,横盘震荡,横盘震荡,横盘震荡,横盘震荡,震荡上涨,横盘震荡,横盘震荡,横盘震荡,一直下跌,一直下跌,震荡下跌,震荡下跌,震荡下跌,震荡下跌
159883,医疗器械ETF永赢,一直下跌,一直下跌,一直下跌,一直下跌,一直下跌,一直下跌,一直下跌,一直下跌,一直下跌,一直下跌,一直下跌,一直下跌,一直下跌,一直下跌,一直下跌,一直下跌,一直下跌,一直下跌,一直下跌,一直下跌,一直下跌,一直下跌,一直下跌,一直下跌,一直下跌
515170,食品饮料ETF华夏,一直下跌,一直下跌,一直下跌,一直下跌,一直下跌,一直下跌,一直下跌,一直下跌,一直下跌,一直下跌,一直下跌,一直下跌,一直下跌,一直下跌,一直下跌,一直下跌,一直下跌,一直下跌,一直下跌,一直下跌,一直下跌,一直下跌,一直下跌,一直下跌,一直下跌
512480,UC半导体ETF国联安,强势,强势,强势,强势,强势,震荡上涨,横盘震荡,震荡上涨,震荡上涨,震荡上涨,震荡上涨,震荡上涨,震荡上涨,震荡上涨,震荡上涨,震荡上涨,震荡上涨,强势,超强势,强势,超强势,超强势,超强势,超强势,震荡下跌
159611,电力ETF广发,强势,强势,强势,强势,强势,横盘震荡,横盘震荡,横盘震荡,震荡下跌,震荡下跌,横盘震荡,横盘震荡,横盘震荡,震荡上涨,横盘震荡,横盘震荡,横盘震荡,震荡下跌,一直下跌,一直下跌,一直下跌,一直下跌,一直下跌,一直下跌,一直下跌
515080,中证红利ETF招商,一直下跌,震荡下跌,震荡下跌,震荡下跌,横盘震荡,横盘震荡,震荡下跌,震荡下跌,震荡下跌,震荡下跌,震荡下跌,震荡下跌,一直下跌,一直下跌,一直下跌,一直下跌,一直下跌,一直下跌,一直下跌,一直下跌,一直下跌,一直下跌,一直下跌,一直下跌,一直下跌
510210,上证指数ETF富国,横盘震荡,横盘震荡,横盘震荡,横盘震荡,横盘震荡,横盘震荡,横盘震荡,横盘震荡,横盘震荡,横盘震荡,横盘震荡,横盘震荡,横盘震荡,震荡上涨,震荡上涨,震荡上涨,横盘震荡,震荡上涨,震荡上涨,横盘震荡,横盘震荡,横盘震荡,横盘震荡,震荡下跌,震荡下跌
513630,港股低波红利ETF摩根,一直下跌,震荡下跌,震荡下跌,震荡下跌,横盘震荡,一直下跌,一直下跌,一直下跌,一直下跌,一直下跌,震荡下跌,一直下跌,一直下跌,一直下跌,一直下跌,一直下跌,一直下跌,一直下跌,一直下跌,一直下跌,一直下跌,一直下跌,一直下跌,一直下跌,一直下跌
159869,游戏ETF华夏,一直下跌,一直下跌,一直下跌,一直下跌,一直下跌,一直下跌,一直下跌,一直下跌,一直下跌,一直下跌,一直下跌,一直下跌,一直下跌,一直下跌,一直下跌,一直下跌,一直下跌,一直下跌,一直下跌,一直下跌,一直下跌,一直下跌,一直下跌,一直下跌,一直下跌
159307,红利低波100ETF博时,一直下跌,震荡下跌,震荡下跌,震荡下跌,横盘震荡,震荡下跌,一直下跌,一直下跌,一直下跌,一直下跌,一直下跌,一直下跌,一直下跌,一直下跌,一直下跌,一直下跌,一直下跌,一直下跌,一直下跌,一直下跌,一直下跌,一直下跌,一直下跌,一直下跌,一直下跌
515790,光伏ETF华泰柏瑞,横盘震荡,横盘震荡,震荡下跌,震荡下跌,震荡下跌,震荡下跌,一直下跌,一直下跌,一直下跌,一直下跌,一直下跌,震荡下跌,横盘震荡,横盘震荡,横盘震荡,横盘震荡,震荡下跌,震荡下跌,震荡下跌,一直下跌,震荡下跌,震荡下跌,震荡下跌,一直下跌,一直下跌
159892,恒生医药ETF华夏,一直下跌,一直下跌,一直下跌,一直下跌,一直下跌,一直下跌,一直下跌,一直下跌,一直下跌,一直下跌,一直下跌,一直下跌,一直下跌,一直下跌,一直下跌,一直下跌,一直下跌,一直下跌,一直下跌,一直下跌,一直下跌,一直下跌,一直下跌,一直下跌,震荡下跌
159509,纳指科技ETF景顺,强势,强势,强势,强势,强势,震荡上涨,震荡上涨,震荡上涨,震荡上涨,震荡上涨,震荡上涨,强势,强势,震荡上涨,震荡上涨,震荡上涨,震荡上涨,横盘震荡,震荡上涨,横盘震荡,横盘震荡,横盘震荡,横盘震荡,横盘震荡,横盘震荡
588170,科创半导体ETF华夏,强势,强势,强势,强势,强势,强势,震荡上涨,震荡上涨,超强势,超强势,震荡上涨,震荡上涨,震荡上涨,超强势,超强势,超强势,超强势,超强势,超强势,超强势,超强势,超强势,超强势,超强势,超强势
159920,恒生ETF华夏,一直下跌,一直下跌,横盘震荡,横盘震荡,横盘震荡,震荡下跌,一直下跌,震荡下跌,一直下跌,一直下跌,震荡下跌,一直下跌,一直下跌,一直下跌,一直下跌,一直下跌,一直下跌,一直下跌,一直下跌,一直下跌,一直下跌,一直下跌,一直下跌,一直下跌,一直下跌
510050,上证50ETF华夏,震荡下跌,震荡下跌,横盘震荡,横盘震荡,横盘震荡,横盘震荡,震荡下跌,横盘震荡,横盘震荡,横盘震荡,横盘震荡,震荡上涨,横盘震荡,震荡上涨,强势,强势,横盘震荡,横盘震荡,震荡上涨,横盘震荡,震荡上涨,震荡上涨,震荡上涨,横盘震荡,横盘震荡
510810,上海国企ETF汇添富,一直下跌,一直下跌,一直下跌,一直下跌,震荡下跌,一直下跌,一直下跌,一直下跌,一直下跌,一直下跌,一直下跌,一直下跌,一直下跌,一直下跌,一直下跌,一直下跌,一直下跌,一直下跌,一直下跌,一直下跌,一直下跌,一直下跌,一直下跌,一直下跌,一直下跌
562800,稀有金属ETF嘉实,横盘震荡,横盘震荡,横盘震荡,横盘震荡,横盘震荡,横盘震荡,横盘震荡,横盘震荡,震荡下跌,横盘震荡,震荡上涨,强势,强势,强势,强势,强势,强势,强势,强势,震荡上涨,强势,震荡上涨,震荡上涨,横盘震荡,横盘震荡
159967,创业板成长ETF华夏,强势,强势,强势,强势,强势,震荡上涨,震荡上涨,震荡上涨,震荡上涨,震荡上涨,震荡上涨,震荡上涨,震荡上涨,震荡上涨,震荡上涨,强势,震荡上涨,震荡上涨,强势,强势,强势,强势,强势,震荡上涨,强势
560860,工业有色ETF万家,横盘震荡,震荡下跌,横盘震荡,横盘震荡,横盘震荡,横盘震荡,震荡下跌,横盘震荡,震荡下跌,震荡下跌,震荡上涨,震荡上涨,震荡上涨,震荡上涨,震荡上涨,震荡上涨,横盘震荡,横盘震荡,横盘震荡,震荡下跌,震荡下跌,震荡下跌,震荡下跌,震荡下跌,震荡下跌
562060,标普A股红利ETF华宝,一直下跌,一直下跌,一直下跌,一直下跌,震荡下跌,一直下跌,一直下跌,一直下跌,一直下跌,一直下跌,一直下跌,一直下跌,一直下跌,一直下跌,一直下跌,一直下跌,一直下跌,一直下跌,一直下跌,一直下跌,一直下跌,一直下跌,一直下跌,一直下跌,一直下跌
516820,医疗创新ETF平安,一直下跌,一直下跌,一直下跌,一直下跌,一直下跌,一直下跌,一直下跌,一直下跌,一直下跌,一直下跌,一直下跌,一直下跌,一直下跌,一直下跌,一直下跌,一直下跌,一直下跌,一直下跌,一直下跌,一直下跌,一直下跌,一直下跌,震荡下跌,震荡下跌,横盘震荡
159766,旅游ETF富国,一直下跌,一直下跌,一直下跌,一直下跌,一直下跌,一直下跌,一直下跌,一直下跌,一直下跌,一直下跌,一直下跌,一直下跌,一直下跌,一直下跌,一直下跌,一直下跌,一直下跌,一直下跌,一直下跌,一直下跌,一直下跌,一直下跌,一直下跌,一直下跌,一直下跌
512660,军工ETF国泰,一直下跌,一直下跌,一直下跌,一直下跌,横盘震荡,震荡下跌,一直下跌,一直下跌,一直下跌,一直下跌,一直下跌,震荡下跌,震荡下跌,横盘震荡,横盘震荡,横盘震荡,一直下跌,一直下跌,一直下跌,一直下跌,一直下跌,震荡下跌,震荡下跌,一直下跌,震荡下跌
513300,纳斯达克ETF华夏,强势,强势,强势,强势,强势,震荡上涨,震荡上涨,震荡上涨,震荡上涨,震荡上涨,震荡上涨,强势,强势,强势,强势,震荡上涨,震荡上涨,震荡上涨,震荡上涨,横盘震荡,横盘震荡,横盘震荡,横盘震荡,横盘震荡,震荡上涨
159363,创业板人工智能ETF华宝,震荡上涨,震荡上涨,震荡上涨,震荡上涨,震荡上涨,震荡上涨,横盘震荡,横盘震荡,横盘震荡,横盘震荡,横盘震荡,震荡上涨,震荡上涨,震荡上涨,震荡上涨,强势,震荡上涨,震荡上涨,强势,强势,强势,强势,震荡上涨,横盘震荡,震荡上涨
159545,恒生红利低波ETF易方达,一直下跌,一直下跌,一直下跌,一直下跌,震荡下跌,一直下跌,一直下跌,一直下跌,一直下跌,一直下跌,一直下跌,一直下跌,一直下跌,一直下跌,一直下跌,一直下跌,一直下跌,一直下跌,一直下跌,一直下跌,一直下跌,一直下跌,一直下跌,一直下跌,一直下跌
517520,黄金股ETF永赢,一直下跌,一直下跌,一直下跌,一直下跌,一直下跌,一直下跌,一直下跌,一直下跌,一直下跌,一直下跌,一直下跌,一直下跌,一直下跌,一直下跌,一直下跌,一直下跌,一直下跌,一直下跌,一直下跌,一直下跌,一直下跌,一直下跌,一直下跌,一直下跌,一直下跌
159605,中概互联ETF广发,一直下跌,一直下跌,一直下跌,一直下跌,一直下跌,一直下跌,一直下跌,一直下跌,一直下跌,一直下跌,一直下跌,一直下跌,一直下跌,一直下跌,一直下跌,一直下跌,一直下跌,一直下跌,一直下跌,一直下跌,一直下跌,一直下跌,一直下跌,一直下跌,一直下跌
159659,纳斯达克100ETF招商,强势,强势,强势,强势,强势,震荡上涨,震荡上涨,震荡上涨,震荡上涨,震荡上涨,震荡上涨,强势,强势,强势,强势,震荡上涨,震荡上涨,震荡上涨,震荡上涨,横盘震荡,横盘震荡,横盘震荡,横盘震荡,横盘震荡,震荡上涨
510180,上证180ETF华安,横盘震荡,震荡下跌,横盘震荡,横盘震荡,横盘震荡,横盘震荡,震荡下跌,横盘震荡,横盘震荡,横盘震荡,横盘震荡,横盘震荡,横盘震荡,震荡上涨,震荡上涨,强势,横盘震荡,震荡上涨,强势,横盘震荡,震荡上涨,震荡上涨,强势,横盘震荡,横盘震荡
159783,科创创业50ETF华夏,强势,强势,强势,强势,强势,震荡上涨,震荡上涨,震荡上涨,震荡上涨,震荡上涨,震荡上涨,震荡上涨,震荡上涨,震荡上涨,震荡上涨,震荡上涨,震荡上涨,震荡上涨,震荡上涨,震荡上涨,强势,强势,强势,震荡上涨,强势
512930,AI人工智能ETF平安,一直下跌,一直下跌,一直下跌,一直下跌,一直下跌,一直下跌,一直下跌,一直下跌,一直下跌,一直下跌,一直下跌,一直下跌,一直下跌,一直下跌,一直下跌,震荡下跌,一直下跌,震荡下跌,震荡下跌,一直下跌,震荡下跌,震荡下跌,震荡下跌,一直下跌,一直下跌
159227,航空航天ETF华夏,一直下跌,一直下跌,一直下跌,一直下跌,一直下跌,一直下跌,一直下跌,一直下跌,一直下跌,一直下跌,一直下跌,一直下跌,一直下跌,一直下跌,一直下跌,一直下跌,一直下跌,一直下跌,一直下跌,一直下跌,一直下跌,一直下跌,一直下跌,一直下跌,一直下跌
159399,现金流ETF国泰,一直下跌,一直下跌,一直下跌,一直下跌,一直下跌,一直下跌,一直下跌,一直下跌,一直下跌,一直下跌,一直下跌,一直下跌,一直下跌,一直下跌,一直下跌,一直下跌,一直下跌,一直下跌,一直下跌,一直下跌,一直下跌,一直下跌,一直下跌,一直下跌,一直下跌
512980,传媒ETF广发,一直下跌,一直下跌,一直下跌,一直下跌,一直下跌,一直下跌,一直下跌,一直下跌,一直下跌,一直下跌,一直下跌,一直下跌,一直下跌,一直下跌,一直下跌,一直下跌,一直下跌,一直下跌,一直下跌,一直下跌,一直下跌,一直下跌,一直下跌,一直下跌,一直下跌
512040,价值100ETF富国,一直下跌,震荡下跌,震荡下跌,震荡下跌,横盘震荡,震荡下跌,一直下跌,震荡下跌,一直下跌,一直下跌,震荡下跌,横盘震荡,震荡下跌,震荡下跌,一直下跌,震荡下跌,一直下跌,一直下跌,一直下跌,一直下跌,一直下跌,一直下跌,一直下跌,一直下跌,一直下跌
510500,中证500ETF南方,震荡上涨,震荡上涨,横盘震荡,横盘震荡,横盘震荡,横盘震荡,横盘震荡,横盘震荡,横盘震荡,横盘震荡,横盘震荡,横盘震荡,横盘震荡,强势,震荡上涨,强势,震荡上涨,强势,强势,强势,强势,强势,强势,强势,强势
512950,央企改革ETF华夏,横盘震荡,横盘震荡,横盘震荡,横盘震荡,横盘震荡,横盘震荡,横盘震荡,横盘震荡,横盘震荡,横盘震荡,横盘震荡,横盘震荡,横盘震荡,震荡上涨,横盘震荡,震荡上涨,横盘震荡,震荡上涨,震荡上涨,横盘震荡,强势,强势,强势,横盘震荡,横盘震荡
159691,港股红利ETF工银,一直下跌,一直下跌,一直下跌,一直下跌,一直下跌,一直下跌,一直下跌,一直下跌,一直下跌,一直下跌,一直下跌,一直下跌,一直下跌,一直下跌,一直下跌,一直下跌,一直下跌,一直下跌,一直下跌,一直下跌,一直下跌,一直下跌,一直下跌,一直下跌,一直下跌
515300,300红利低波ETF嘉实,一直下跌,一直下跌,一直下跌,一直下跌,一直下跌,一直下跌,一直下跌,一直下跌,一直下跌,一直下跌,一直下跌,一直下跌,一直下跌,一直下跌,一直下跌,一直下跌,一直下跌,一直下跌,一直下跌,一直下跌,一直下跌,一直下跌,一直下跌,一直下跌,一直下跌
512960,央企结构调整ETF博时,横盘震荡,横盘震荡,横盘震荡,横盘震荡,横盘震荡,横盘震荡,横盘震荡,横盘震荡,横盘震荡,横盘震荡,横盘震荡,横盘震荡,横盘震荡,震荡上涨,横盘震荡,震荡上涨,震荡上涨,震荡上涨,强势,震荡上涨,强势,强势,强势,横盘震荡,横盘震荡
516150,稀土ETF嘉实,震荡下跌,震荡下跌,横盘震荡,横盘震荡,横盘震荡,横盘震荡,震荡下跌,横盘震荡,横盘震荡,横盘震荡,横盘震荡,强势,强势,强势,强势,强势,强势,强势,强势,震荡上涨,震荡上涨,震荡上涨,震荡上涨,横盘震荡,横盘震荡
510720,红利国企ETF国泰,一直下跌,横盘震荡,横盘震荡,震荡上涨,震荡上涨,震荡上涨,震荡上涨,震荡上涨,横盘震荡,横盘震荡,震荡上涨,横盘震荡,横盘震荡,震荡下跌,震荡下跌,横盘震荡,震荡下跌,一直下跌,一直下跌,一直下跌,一直下跌,一直下跌,一直下跌,一直下跌,一直下跌
159667,工业母机ETF国泰,强势,强势,强势,强势,震荡上涨,震荡上涨,震荡上涨,震荡上涨,一直下跌,一直下跌,一直下跌,一直下跌,一直下跌,一直下跌,震荡下跌,震荡下跌,一直下跌,一直下跌,一直下跌,一直下跌,一直下跌,一直下跌,一直下跌,一直下跌,一直下跌
520990,港股央企红利ETF景顺,一直下跌,一直下跌,一直下跌,一直下跌,震荡下跌,一直下跌,一直下跌,一直下跌,一直下跌,一直下跌,一直下跌,一直下跌,一直下跌,一直下跌,一直下跌,一直下跌,一直下跌,一直下跌,一直下跌,一直下跌,一直下跌,一直下跌,一直下跌,一直下跌,一直下跌
159813,半导体ETF鹏华,强势,强势,强势,强势,强势,震荡上涨,横盘震荡,震荡上涨,震荡上涨,震荡上涨,震荡上涨,震荡上涨,震荡上涨,震荡上涨,震荡上涨,震荡上涨,震荡上涨,震荡上涨,强势,强势,强势,超强势,强势,强势,强势
510900,恒生中国企业ETF易方达,一直下跌,一直下跌,震荡下跌,震荡下跌,横盘震荡,震荡下跌,一直下跌,震荡下跌,一直下跌,一直下跌,震荡下跌,一直下跌,一直下跌,一直下跌,一直下跌,一直下跌,一直下跌,一直下跌,一直下跌,一直下跌,一直下跌,一直下跌,一直下跌,一直下跌,一直下跌
159837,生物科技ETF易方达,一直下跌,一直下跌,一直下跌,一直下跌,一直下跌,一直下跌,一直下跌,一直下跌,一直下跌,一直下跌,一直下跌,一直下跌,一直下跌,一直下跌,一直下跌,一直下跌,一直下跌,一直下跌,一直下跌,一直下跌,震荡下跌,震荡下跌,横盘震荡,横盘震荡,横盘震荡
588220,科创100ETF鹏华,强势,强势,震荡上涨,震荡上涨,震荡上涨,横盘震荡,横盘震荡,横盘震荡,震荡上涨,震荡上涨,震荡上涨,震荡上涨,震荡上涨,强势,强势,强势,强势,强势,强势,强势,强势,超强势,强势,强势,超强势
159732,消费电子ETF华夏,强势,强势,强势,强势,强势,震荡上涨,震荡上涨,震荡上涨,震荡上涨,震荡上涨,震荡上涨,震荡上涨,震荡上涨,强势,震荡上涨,震荡上涨,震荡上涨,震荡上涨,超强势,超强势,超强势,超强势,超强势,超强势,超强势
515650,消费50ETF富国,一直下跌,一直下跌,一直下跌,一直下跌,一直下跌,一直下跌,一直下跌,一直下跌,一直下跌,一直下跌,一直下跌,一直下跌,一直下跌,一直下跌,一直下跌,一直下跌,一直下跌,一直下跌,一直下跌,一直下跌,一直下跌,一直下跌,一直下跌,一直下跌,一直下跌
159623,成渝经济圈ETF博时,横盘震荡,震荡下跌,震荡上涨,横盘震荡,横盘震荡,横盘震荡,横盘震荡,横盘震荡,横盘震荡,横盘震荡,震荡上涨,震荡上涨,震荡上涨,震荡上涨,震荡上涨,震荡上涨,震荡上涨,震荡上涨,震荡上涨,横盘震荡,震荡上涨,横盘震荡,横盘震荡,横盘震荡,横盘震荡
512100,中证1000ETF南方,强势,震荡上涨,横盘震荡,横盘震荡,横盘震荡,横盘震荡,横盘震荡,横盘震荡,横盘震荡,横盘震荡,横盘震荡,横盘震荡,横盘震荡,震荡上涨,震荡上涨,震荡上涨,震荡上涨,强势,强势,强势,强势,强势,强势,强势,强势
515800,中证800ETF汇添富,震荡上涨,震荡上涨,震荡上涨,震荡上涨,震荡上涨,横盘震荡,横盘震荡,横盘震荡,横盘震荡,横盘震荡,横盘震荡,震荡上涨,震荡上涨,震荡上涨,震荡上涨,强势,震荡上涨,强势,强势,强势,强势,强势,强势,震荡上涨,震荡上涨
516670,畜牧养殖ETF招商,一直下跌,一直下跌,一直下跌,一直下跌,一直下跌,一直下跌,一直下跌,一直下跌,一直下跌,一直下跌,一直下跌,一直下跌,一直下跌,一直下跌,一直下跌,一直下跌,一直下跌,一直下跌,一直下跌,一直下跌,一直下跌,一直下跌,一直下跌,一直下跌,一直下跌
159566,储能电池ETF易方达,震荡上涨,震荡上涨,横盘震荡,横盘震荡,横盘震荡,震荡下跌,一直下跌,震荡下跌,一直下跌,一直下跌,震荡下跌,横盘震荡,横盘震荡,横盘震荡,横盘震荡,横盘震荡,横盘震荡,横盘震荡,横盘震荡,震荡下跌,震荡下跌,横盘震荡,震荡下跌,一直下跌,一直下跌
588790,科创AIETF博时,震荡上涨,震荡上涨,横盘震荡,横盘震荡,横盘震荡,横盘震荡,横盘震荡,横盘震荡,横盘震荡,横盘震荡,横盘震荡,横盘震荡,横盘震荡,横盘震荡,横盘震荡,横盘震荡,横盘震荡,横盘震荡,震荡上涨,强势,强势,强势,强势,强势,强势
560080,中药ETF汇添富,一直下跌,一直下跌,一直下跌,一直下跌,一直下跌,一直下跌,一直下跌,一直下跌,一直下跌,一直下跌,一直下跌,一直下跌,一直下跌,一直下跌,一直下跌,一直下跌,一直下跌,一直下跌,一直下跌,一直下跌,一直下跌,一直下跌,一直下跌,一直下跌,一直下跌
512200,房地产ETF南方,一直下跌,一直下跌,一直下跌,一直下跌,震荡下跌,一直下跌,一直下跌,一直下跌,一直下跌,一直下跌,一直下跌,一直下跌,一直下跌,一直下跌,一直下跌,一直下跌,一直下跌,一直下跌,一直下跌,一直下跌,一直下跌,一直下跌,一直下跌,一直下跌,一直下跌
513920,港股通央企红利ETF华安,一直下跌,一直下跌,一直下跌,一直下跌,震荡下跌,一直下跌,一直下跌,一直下跌,一直下跌,一直下跌,震荡下跌,一直下跌,一直下跌,一直下跌,一直下跌,一直下跌,一直下跌,一直下跌,一直下跌,一直下跌,一直下跌,一直下跌,一直下跌,一直下跌,一直下跌
513530,港股通红利ETF华泰柏瑞,一直下跌,一直下跌,一直下跌,一直下跌,震荡下跌,震荡下跌,震荡下跌,一直下跌,一直下跌,一直下跌,震荡下跌,一直下跌,一直下跌,一直下跌,一直下跌,一直下跌,一直下跌,一直下跌,一直下跌,一直下跌,一直下跌,一直下跌,一直下跌,一直下跌,一直下跌
159980,有色ETF大成,震荡上涨,震荡上涨,震荡上涨,震荡上涨,震荡上涨,震荡上涨,横盘震荡,横盘震荡,横盘震荡,横盘震荡,震荡上涨,震荡上涨,震荡上涨,震荡上涨,横盘震荡,横盘震荡,横盘震荡,横盘震荡,震荡下跌,震荡下跌,震荡下跌,震荡下跌,一直下跌,一直下跌,震荡下跌
560510,中证A500ETF泰康,震荡上涨,震荡上涨,震荡上涨,震荡上涨,震荡上涨,横盘震荡,横盘震荡,横盘震荡,横盘震荡,横盘震荡,横盘震荡,震荡上涨,震荡上涨,强势,震荡上涨,强势,震荡上涨,强势,强势,震荡上涨,强势,强势,强势,震荡上涨,震荡上涨
515000,科技ETF华宝,强势,强势,强势,强势,强势,强势,震荡上涨,震荡上涨,震荡上涨,震荡上涨,震荡上涨,强势,震荡上涨,强势,强势,强势,震荡上涨,强势,超强势,超强势,超强势,超强势,超强势,超强势,超强势
159825,农业ETF富国,一直下跌,一直下跌,一直下跌,一直下跌,一直下跌,一直下跌,一直下跌,一直下跌,一直下跌,一直下跌,一直下跌,一直下跌,一直下跌,一直下跌,一直下跌,一直下跌,一直下跌,一直下跌,一直下跌,一直下跌,一直下跌,一直下跌,一直下跌,一直下跌,一直下跌
513310,中韩半导体ETF华泰柏瑞,强势,强势,强势,强势,强势,震荡上涨,横盘震荡,横盘震荡,横盘震荡,横盘震荡,震荡上涨,震荡上涨,震荡上涨,震荡上涨,震荡上涨,震荡上涨,横盘震荡,横盘震荡,震荡上涨,震荡上涨,震荡上涨,震荡上涨,震荡上涨,震荡上涨,震荡上涨
560050,中国A50ETF汇添富,强势,震荡上涨,强势,强势,震荡上涨,横盘震荡,横盘震荡,横盘震荡,横盘震荡,横盘震荡,震荡上涨,强势,震荡上涨,强势,强势,震荡上涨,震荡上涨,震荡上涨,震荡上涨,横盘震荡,震荡上涨,震荡上涨,横盘震荡,横盘震荡,横盘震荡
513400,道琼斯ETF鹏华,震荡上涨,震荡上涨,震荡上涨,震荡上涨,震荡上涨,震荡上涨,震荡上涨,震荡上涨,震荡上涨,震荡上涨,震荡上涨,震荡上涨,震荡上涨,强势,强势,强势,震荡上涨,强势,强势,强势,强势,强势,强势,强势,强势
515900,央企创新ETF博时,震荡下跌,横盘震荡,震荡下跌,横盘震荡,横盘震荡,横盘震荡,震荡下跌,横盘震荡,震荡下跌,震荡下跌,横盘震荡,横盘震荡,横盘震荡,震荡上涨,横盘震荡,震荡上涨,横盘震荡,横盘震荡,横盘震荡,震荡下跌,震荡下跌,横盘震荡,震荡下跌,震荡下跌,震荡下跌
563300,中证2000ETF华泰柏瑞,震荡上涨,震荡上涨,横盘震荡,横盘震荡,横盘震荡,横盘震荡,横盘震荡,横盘震荡,横盘震荡,横盘震荡,横盘震荡,横盘震荡,横盘震荡,震荡上涨,震荡上涨,震荡上涨,震荡上涨,强势,震荡上涨,强势,震荡上涨,强势,强势,震荡上涨,强势
159625,绿色电力ETF嘉实,强势,强势,强势,强势,强势,横盘震荡,震荡下跌,震荡下跌,一直下跌,震荡下跌,横盘震荡,横盘震荡,横盘震荡,横盘震荡,横盘震荡,震荡下跌,震荡下跌,一直下跌,一直下跌,一直下跌,一直下跌,一直下跌,一直下跌,一直下跌,一直下跌
159875,新能源ETF嘉实,横盘震荡,震荡下跌,横盘震荡,震荡下跌,震荡下跌,一直下跌,一直下跌,一直下跌,一直下跌,一直下跌,一直下跌,震荡下跌,横盘震荡,横盘震荡,横盘震荡,横盘震荡,横盘震荡,横盘震荡,震荡下跌,一直下跌,一直下跌,震荡下跌,震荡下跌,一直下跌,一直下跌
159840,锂电池ETF工银,横盘震荡,横盘震荡,横盘震荡,横盘震荡,横盘震荡,横盘震荡,一直下跌,震荡下跌,一直下跌,一直下跌,横盘震荡,横盘震荡,横盘震荡,横盘震荡,横盘震荡,震荡上涨,横盘震荡,横盘震荡,横盘震荡,一直下跌,震荡下跌,震荡下跌,震荡下跌,震荡下跌,震荡下跌
159235,中证现金流ETF大成,一直下跌,一直下跌,一直下跌,一直下跌,一直下跌,一直下跌,一直下跌,一直下跌,一直下跌,一直下跌,一直下跌,一直下跌,一直下跌,一直下跌,一直下跌,一直下跌,一直下跌,一直下跌,一直下跌,一直下跌,一直下跌,一直下跌,一直下跌,一直下跌,一直下跌
588760,科创人工智能ETF广发,强势,震荡上涨,横盘震荡,横盘震荡,横盘震荡,横盘震荡,横盘震荡,横盘震荡,横盘震荡,横盘震荡,横盘震荡,横盘震荡,横盘震荡,横盘震荡,横盘震荡,横盘震荡,横盘震荡,横盘震荡,震荡上涨,强势,强势,强势,强势,强势,强势
561580,央企红利ETF华泰柏瑞,一直下跌,一直下跌,一直下跌,一直下跌,一直下跌,一直下跌,一直下跌,一直下跌,一直下跌,一直下跌,一直下跌,一直下跌,一直下跌,一直下跌,一直下跌,一直下跌,一直下跌,一直下跌,一直下跌,一直下跌,一直下跌,一直下跌,一直下跌,一直下跌,一直下跌
159506,港股通创新药医疗ETF富国,一直下跌,一直下跌,一直下跌,一直下跌,一直下跌,一直下跌,一直下跌,一直下跌,一直下跌,一直下跌,一直下跌,一直下跌,一直下跌,一直下跌,一直下跌,一直下跌,一直下跌,一直下跌,一直下跌,一直下跌,一直下跌,一直下跌,一直下跌,一直下跌,震荡下跌
513950,恒生红利ETF富国,一直下跌,一直下跌,一直下跌,一直下跌,震荡下跌,一直下跌,一直下跌,一直下跌,一直下跌,一直下跌,震荡下跌,震荡下跌,一直下跌,一直下跌,一直下跌,一直下跌,一直下跌,一直下跌,一直下跌,一直下跌,一直下跌,一直下跌,一直下跌,一直下跌,一直下跌
563390,全指现金流ETF华泰柏瑞,一直下跌,一直下跌,一直下跌,一直下跌,一直下跌,一直下跌,一直下跌,一直下跌,一直下跌,一直下跌,一直下跌,一直下跌,一直下跌,一直下跌,一直下跌,一直下跌,一直下跌,一直下跌,一直下跌,一直下跌,一直下跌,一直下跌,一直下跌,一直下跌,一直下跌
520500,恒生创新药ETF华泰柏瑞,一直下跌,一直下跌,一直下跌,一直下跌,一直下跌,一直下跌,一直下跌,一直下跌,一直下跌,一直下跌,一直下跌,一直下跌,一直下跌,一直下跌,一直下跌,一直下跌,一直下跌,一直下跌,一直下跌,一直下跌,一直下跌,一直下跌,一直下跌,一直下跌,震荡下跌
512670,国防ETF鹏华,一直下跌,一直下跌,一直下跌,一直下跌,横盘震荡,震荡下跌,一直下跌,一直下跌,一直下跌,一直下跌,一直下跌,震荡下跌,震荡下跌,横盘震荡,横盘震荡,横盘震荡,一直下跌,一直下跌,一直下跌,一直下跌,一直下跌,震荡下跌,震荡下跌,一直下跌,震荡下跌
159209,红利质量ETF招商,一直下跌,一直下跌,一直下跌,一直下跌,一直下跌,一直下跌,一直下跌,一直下跌,一直下跌,一直下跌,一直下跌,一直下跌,一直下跌,一直下跌,一直下跌,一直下跌,一直下跌,一直下跌,一直下跌,一直下跌,一直下跌,一直下跌,一直下跌,一直下跌,一直下跌
560280,工程机械ETF广发,横盘震荡,横盘震荡,横盘震荡,横盘震荡,横盘震荡,横盘震荡,横盘震荡,横盘震荡,横盘震荡,震荡下跌,横盘震荡,横盘震荡,横盘震荡,横盘震荡,横盘震荡,横盘震荡,一直下跌,一直下跌,一直下跌,一直下跌,一直下跌,一直下跌,一直下跌,一直下跌,震荡下跌
513390,纳指100ETF博时,强势,强势,强势,强势,强势,震荡上涨,震荡上涨,震荡上涨,震荡上涨,震荡上涨,震荡上涨,强势,震荡上涨,震荡上涨,震荡上涨,震荡上涨,震荡上涨,震荡上涨,震荡上涨,横盘震荡,横盘震荡,横盘震荡,横盘震荡,横盘震荡,横盘震荡
159593,中证A50ETF平安,震荡上涨,震荡上涨,震荡上涨,震荡上涨,震荡上涨,横盘震荡,横盘震荡,横盘震荡,横盘震荡,横盘震荡,横盘震荡,震荡上涨,震荡上涨,震荡上涨,震荡上涨,强势,横盘震荡,横盘震荡,横盘震荡,震荡下跌,横盘震荡,横盘震荡,横盘震荡,震荡下跌,震荡下跌
517160,长江保护ETF南方,震荡上涨,横盘震荡,横盘震荡,横盘震荡,横盘震荡,横盘震荡,震荡下跌,横盘震荡,横盘震荡,横盘震荡,横盘震荡,横盘震荡,横盘震荡,震荡上涨,横盘震荡,震荡上涨,横盘震荡,震荡上涨,强势,震荡上涨,强势,震荡上涨,强势,横盘震荡,横盘震荡
159959,央企ETF银华,横盘震荡,横盘震荡,横盘震荡,横盘震荡,横盘震荡,横盘震荡,震荡下跌,横盘震荡,横盘震荡,横盘震荡,横盘震荡,横盘震荡,横盘震荡,震荡上涨,震荡上涨,震荡上涨,横盘震荡,震荡上涨,强势,震荡上涨,强势,强势,强势,横盘震荡,横盘震荡
159518,标普油气ETF嘉实,震荡下跌,横盘震荡,横盘震荡,震荡下跌,横盘震荡,震荡下跌,震荡下跌,震荡下跌,震荡下跌,震荡下跌,一直下跌,一直下跌,一直下跌,一直下跌,一直下跌,一直下跌,一直下跌,一直下跌,一直下跌,一直下跌,一直下跌,一直下跌,一直下跌,一直下跌,一直下跌
159981,能源化工ETF建信,震荡下跌,震荡下跌,横盘震荡,震荡下跌,横盘震荡,横盘震荡,震荡上涨,横盘震荡,横盘震荡,横盘震荡,横盘震荡,震荡下跌,震荡下跌,一直下跌,一直下跌,一直下跌,一直下跌,一直下跌,一直下跌,一直下跌,一直下跌,一直下跌,一直下跌,一直下跌,一直下跌
561330,矿业ETF国泰,震荡下跌,震荡下跌,横盘震荡,横盘震荡,横盘震荡,横盘震荡,一直下跌,一直下跌,一直下跌,震荡下跌,横盘震荡,横盘震荡,震荡上涨,震荡上涨,震荡上涨,震荡上涨,横盘震荡,震荡下跌,一直下跌,一直下跌,一直下跌,一直下跌,一直下跌,一直下跌,一直下跌
159687,亚太精选ETF南方,震荡上涨,震荡上涨,强势,强势,震荡上涨,震荡上涨,震荡上涨,震荡上涨,震荡上涨,震荡上涨,震荡上涨,强势,强势,强势,强势,强势,强势,震荡上涨,强势,震荡上涨,横盘震荡,震荡上涨,横盘震荡,横盘震荡,横盘震荡
159998,计算机ETF天弘,震荡下跌,震荡下跌,震荡下跌,横盘震荡,横盘震荡,横盘震荡,一直下跌,横盘震荡,震荡下跌,一直下跌,震荡下跌,横盘震荡,横盘震荡,横盘震荡,横盘震荡,横盘震荡,横盘震荡,横盘震荡,震荡上涨,震荡下跌,横盘震荡,横盘震荡,横盘震荡,震荡下跌,震荡下跌
515030,新能源车ETF华夏,横盘震荡,横盘震荡,横盘震荡,横盘震荡,横盘震荡,横盘震荡,震荡下跌,横盘震荡,一直下跌,一直下跌,横盘震荡,横盘震荡,横盘震荡,横盘震荡,横盘震荡,横盘震荡,横盘震荡,横盘震荡,震荡下跌,一直下跌,一直下跌,震荡下跌,震荡下跌,震荡下跌,震荡下跌
562550,绿电ETF华夏,强势,强势,强势,强势,强势,横盘震荡,横盘震荡,横盘震荡,震荡下跌,横盘震荡,横盘震荡,横盘震荡,横盘震荡,震荡上涨,横盘震荡,横盘震荡,横盘震荡,震荡下跌,一直下跌,一直下跌,一直下跌,一直下跌,一直下跌,一直下跌,一直下跌
513550,港股通50ETF华泰柏瑞,震荡下跌,震荡下跌,横盘震荡,横盘震荡,横盘震荡,横盘震荡,震荡下跌,震荡下跌,震荡下跌,震荡下跌,震荡下跌,震荡下跌,震荡下跌,一直下跌,一直下跌,一直下跌,一直下跌,一直下跌,一直下跌,一直下跌,一直下跌,一直下跌,一直下跌,一直下跌,一直下跌
159207,高股息ETF广发,横盘震荡,震荡上涨,横盘震荡,横盘震荡,横盘震荡,横盘震荡,横盘震荡,横盘震荡,横盘震荡,震荡下跌,横盘震荡,横盘震荡,震荡下跌,横盘震荡,震荡下跌,一直下跌,一直下跌,一直下跌,一直下跌,一直下跌,一直下跌,一直下跌,一直下跌,一直下跌,一直下跌
159790,碳中和ETF华夏,横盘震荡,横盘震荡,横盘震荡,震荡下跌,一直下跌,一直下跌,一直下跌,一直下跌,一直下跌,一直下跌,一直下跌,震荡下跌,横盘震荡,横盘震荡,横盘震荡,横盘震荡,横盘震荡,震荡下跌,一直下跌,一直下跌,一直下跌,震荡下跌,一直下跌,一直下跌,一直下跌
516130,消费龙头ETF华宝,一直下跌,一直下跌,一直下跌,一直下跌,一直下跌,一直下跌,一直下跌,一直下跌,一直下跌,一直下跌,一直下跌,一直下跌,一直下跌,一直下跌,一直下跌,一直下跌,一直下跌,一直下跌,一直下跌,一直下跌,一直下跌,一直下跌,一直下跌,一直下跌,一直下跌
513970,恒生消费ETF景顺,一直下跌,一直下跌,一直下跌,一直下跌,一直下跌,一直下跌,一直下跌,一直下跌,一直下跌,一直下跌,震荡下跌,震荡下跌,一直下跌,一直下跌,一直下跌,一直下跌,一直下跌,一直下跌,一直下跌,一直下跌,一直下跌,一直下跌,一直下跌,一直下跌,一直下跌
159387,创业板新能源ETF国泰,震荡下跌,一直下跌,一直下跌,一直下跌,一直下跌,一直下跌,一直下跌,一直下跌,一直下跌,横盘震荡,横盘震荡,横盘震荡,横盘震荡,横盘震荡,横盘震荡,震荡上涨,横盘震荡,横盘震荡,横盘震荡,震荡下跌,横盘震荡,横盘震荡,震荡下跌,一直下跌,震荡下跌
159985,豆粕ETF华夏,一直下跌,一直下跌,一直下跌,一直下跌,一直下跌,一直下跌,一直下跌,一直下跌,一直下跌,一直下跌,一直下跌,震荡下跌,一直下跌,震荡下跌,震荡下跌,一直下跌,一直下跌,一直下跌,一直下跌,一直下跌,一直下跌,一直下跌,一直下跌,横盘震荡,横盘震荡
588710,科创半导体设备ETF华泰柏瑞,强势,强势,强势,强势,强势,强势,震荡上涨,震荡上涨,震荡上涨,超强势,震荡上涨,震荡上涨,震荡上涨,震荡上涨,超强势,震荡上涨,超强势,超强势,超强势,超强势,超强势,超强势,超强势,超强势,超强势
159561,德国ETF嘉实,震荡上涨,横盘震荡,震荡上涨,横盘震荡,横盘震荡,震荡上涨,横盘震荡,横盘震荡,横盘震荡,横盘震荡,震荡上涨,震荡上涨,震荡上涨,震荡上涨,横盘震荡,横盘震荡,震荡下跌,震荡下跌,震荡下跌,震荡下跌,震荡下跌,一直下跌,震荡下跌,震荡下跌,横盘震荡
515400,大数据ETF富国,一直下跌,震荡下跌,一直下跌,一直下跌,一直下跌,一直下跌,一直下跌,一直下跌,一直下跌,一直下跌,一直下跌,一直下跌,一直下跌,一直下跌,震荡下跌,震荡下跌,一直下跌,一直下跌,震荡下跌,一直下跌,一直下跌,震荡下跌,震荡下跌,一直下跌,一直下跌
159638,高端装备ETF嘉实,一直下跌,一直下跌,一直下跌,一直下跌,震荡下跌,一直下跌,一直下跌,一直下跌,一直下跌,一直下跌,一直下跌,一直下跌,一直下跌,震荡下跌,震荡下跌,震荡下跌,一直下跌,一直下跌,一直下跌,一直下跌,一直下跌,震荡下跌,震荡下跌,一直下跌,一直下跌
516510,云计算ETF易方达,横盘震荡,横盘震荡,横盘震荡,横盘震荡,横盘震荡,横盘震荡,一直下跌,横盘震荡,横盘震荡,震荡下跌,震荡下跌,横盘震荡,横盘震荡,横盘震荡,横盘震荡,横盘震荡,横盘震荡,横盘震荡,横盘震荡,震荡下跌,震荡下跌,横盘震荡,震荡下跌,震荡下跌,震荡下跌
159750,港股科技50ETF招商,一直下跌,震荡下跌,横盘震荡,横盘震荡,横盘震荡,震荡下跌,一直下跌,震荡下跌,一直下跌,一直下跌,震荡下跌,一直下跌,一直下跌,一直下跌,一直下跌,一直下跌,一直下跌,一直下跌,一直下跌,一直下跌,一直下跌,一直下跌,一直下跌,一直下跌,一直下跌
561360,石油ETF国泰,一直下跌,一直下跌,一直下跌,一直下跌,一直下跌,一直下跌,一直下跌,一直下跌,一直下跌,一直下跌,一直下跌,一直下跌,一直下跌,一直下跌,一直下跌,一直下跌,一直下跌,一直下跌,一直下跌,一直下跌,一直下跌,一直下跌,一直下跌,一直下跌,一直下跌
159601,A50ETF华夏,强势,震荡上涨,震荡上涨,强势,震荡上涨,横盘震荡,横盘震荡,横盘震荡,横盘震荡,横盘震荡,震荡上涨,震荡上涨,震荡上涨,强势,强势,强势,震荡上涨,震荡上涨,震荡上涨,横盘震荡,强势,震荡上涨,横盘震荡,横盘震荡,横盘震荡
513880,日经225ETF华安,震荡上涨,震荡上涨,震荡上涨,震荡上涨,震荡上涨,震荡上涨,震荡上涨,震荡上涨,震荡上涨,震荡上涨,震荡上涨,震荡上涨,震荡上涨,震荡上涨,震荡上涨,强势,震荡上涨,震荡上涨,强势,强势,震荡上涨,强势,震荡上涨,震荡上涨,强势
517300,沪港深300ETF国寿,震荡上涨,震荡上涨,震荡上涨,震荡上涨,震荡上涨,横盘震荡,横盘震荡,横盘震荡,横盘震荡,横盘震荡,横盘震荡,震荡上涨,震荡上涨,震荡上涨,震荡上涨,震荡上涨,横盘震荡,横盘震荡,震荡上涨,横盘震荡,震荡上涨,横盘震荡,横盘震荡,震荡下跌,震荡下跌
159329,沙特ETF南方,震荡下跌,震荡下跌,震荡下跌,震荡下跌,横盘震荡,震荡下跌,震荡下跌,震荡下跌,震荡下跌,一直下跌,震荡下跌,震荡下跌,震荡下跌,震荡下跌,震荡下跌,震荡下跌,一直下跌,一直下跌,一直下跌,一直下跌,一直下跌,一直下跌,一直下跌,一直下跌,一直下跌
510380,沪深300ETF国寿,震荡上涨,震荡上涨,震荡上涨,震荡上涨,震荡上涨,横盘震荡,横盘震荡,横盘震荡,横盘震荡,横盘震荡,震荡上涨,震荡上涨,震荡上涨,震荡上涨,震荡上涨,强势,横盘震荡,震荡上涨,强势,震荡上涨,强势,强势,震荡上涨,横盘震荡,震荡上涨
513070,港股通消费ETF易方达,一直下跌,一直下跌,一直下跌,一直下跌,一直下跌,一直下跌,一直下跌,一直下跌,一直下跌,一直下跌,一直下跌,一直下跌,一直下跌,一直下跌,一直下跌,一直下跌,一直下跌,一直下跌,一直下跌,一直下跌,一直下跌,一直下跌,一直下跌,一直下跌,一直下跌
513850,美国50ETF易方达,强势,强势,强势,强势,震荡上涨,震荡上涨,震荡上涨,震荡上涨,横盘震荡,横盘震荡,震荡上涨,震荡上涨,震荡上涨,震荡上涨,震荡上涨,横盘震荡,横盘震荡,横盘震荡,横盘震荡,横盘震荡,横盘震荡,横盘震荡,横盘震荡,横盘震荡,横盘震荡
516570,化工行业ETF易方达,一直下跌,一直下跌,一直下跌,一直下跌,一直下跌,一直下跌,一直下跌,一直下跌,一直下跌,一直下跌,一直下跌,震荡下跌,震荡下跌,一直下跌,一直下跌,震荡下跌,震荡下跌,震荡下跌,震荡下跌,震荡下跌,震荡下跌,震荡下跌,震荡下跌,震荡下跌,震荡下跌
159502,标普生物科技ETF嘉实,震荡上涨,震荡上涨,横盘震荡,横盘震荡,横盘震荡,横盘震荡,横盘震荡,横盘震荡,横盘震荡,横盘震荡,震荡上涨,震荡上涨,强势,震荡上涨,震荡上涨,震荡上涨,强势,强势,强势,强势,强势,强势,强势,强势,强势
516970,基建ETF广发,一直下跌,一直下跌,一直下跌,一直下跌,一直下跌,一直下跌,一直下跌,一直下跌,一直下跌,一直下跌,一直下跌,一直下跌,一直下跌,横盘震荡,震荡下跌,横盘震荡,一直下跌,一直下跌,一直下跌,一直下跌,一直下跌,一直下跌,一直下跌,一直下跌,一直下跌
520550,港股红利低波ETF招商,一直下跌,一直下跌,一直下跌,一直下跌,震荡下跌,一直下跌,一直下跌,一直下跌,一直下跌,一直下跌,一直下跌,一直下跌,一直下跌,一直下跌,一直下跌,一直下跌,一直下跌,一直下跌,一直下跌,一直下跌,一直下跌,一直下跌,一直下跌,一直下跌,一直下跌
513800,日本东证指数ETF南方,震荡上涨,震荡上涨,震荡上涨,震荡上涨,震荡上涨,震荡上涨,横盘震荡,横盘震荡,横盘震荡,横盘震荡,震荡上涨,震荡上涨,震荡上涨,震荡上涨,震荡上涨,震荡上涨,震荡上涨,震荡上涨,震荡上涨,横盘震荡,横盘震荡,震荡上涨,横盘震荡,震荡上涨,震荡上涨
513520,日经ETF华夏,震荡上涨,震荡上涨,震荡上涨,震荡上涨,震荡上涨,震荡上涨,震荡上涨,震荡上涨,震荡上涨,震荡上涨,震荡上涨,震荡上涨,震荡上涨,震荡上涨,震荡上涨,强势,震荡上涨,震荡上涨,强势,震荡上涨,震荡上涨,强势,震荡上涨,震荡上涨,强势
561550,中证500增强ETF华泰柏瑞,震荡上涨,震荡上涨,横盘震荡,横盘震荡,横盘震荡,横盘震荡,横盘震荡,横盘震荡,横盘震荡,横盘震荡,横盘震荡,横盘震荡,震荡上涨,震荡上涨,震荡上涨,强势,震荡上涨,强势,强势,强势,强势,强势,强势,强势,强势
513200,港股通医药ETF易方达,一直下跌,一直下跌,一直下跌,一直下跌,一直下跌,一直下跌,一直下跌,一直下跌,一直下跌,一直下跌,一直下跌,一直下跌,一直下跌,一直下跌,一直下跌,一直下跌,一直下跌,一直下跌,一直下跌,一直下跌,一直下跌,一直下跌,一直下跌,一直下跌,震荡下跌
515260,电子ETF华宝,强势,强势,强势,强势,强势,震荡上涨,震荡上涨,震荡上涨,震荡上涨,震荡上涨,震荡上涨,震荡上涨,震荡上涨,震荡上涨,震荡上涨,震荡上涨,震荡上涨,震荡上涨,超强势,强势,超强势,超强势,超强势,超强势,超强势
589680,科创综指ETF鹏华,强势,震荡上涨,震荡上涨,震荡上涨,震荡上涨,横盘震荡,横盘震荡,横盘震荡,横盘震荡,横盘震荡,横盘震荡,横盘震荡,横盘震荡,震荡上涨,震荡上涨,震荡上涨,震荡上涨,强势,超强势,超强势,超强势,超强势,超强势,超强势,超强势
513190,港股通金融ETF华夏,震荡下跌,震荡下跌,横盘震荡,震荡下跌,横盘震荡,横盘震荡,横盘震荡,横盘震荡,横盘震荡,横盘震荡,强势,强势,震荡上涨,横盘震荡,震荡下跌,横盘震荡,震荡下跌,一直下跌,一直下跌,一直下跌,一直下跌,一直下跌,一直下跌,一直下跌,一直下跌
513290,纳指生物科技ETF汇添富,横盘震荡,震荡上涨,横盘震荡,震荡下跌,横盘震荡,横盘震荡,横盘震荡,横盘震荡,震荡下跌,横盘震荡,横盘震荡,横盘震荡,横盘震荡,横盘震荡,震荡上涨,横盘震荡,震荡上涨,震荡上涨,震荡上涨,震荡上涨,震荡上涨,震荡上涨,震荡上涨,震荡上涨,震荡上涨
159901,深证100ETF易方达,强势,强势,强势,强势,强势,震荡上涨,横盘震荡,横盘震荡,横盘震荡,横盘震荡,横盘震荡,震荡上涨,震荡上涨,强势,强势,强势,震荡上涨,震荡上涨,震荡上涨,震荡上涨,震荡上涨,强势,震荡上涨,横盘震荡,震荡上涨
588010,科创新材料ETF博时,强势,强势,强势,震荡上涨,强势,震荡上涨,震荡上涨,震荡上涨,震荡上涨,强势,震荡上涨,强势,震荡上涨,强势,强势,强势,强势,强势,超强势,强势,强势,超强势,超强势,超强势,超强势
588330,双创50ETF华宝,强势,强势,强势,强势,强势,震荡上涨,震荡上涨,震荡上涨,震荡上涨,震荡上涨,震荡上涨,震荡上涨,震荡上涨,强势,震荡上涨,震荡上涨,震荡上涨,震荡上涨,震荡上涨,震荡上涨,强势,强势,强势,震荡上涨,震荡上涨
515210,钢铁ETF国泰,一直下跌,一直下跌,一直下跌,一直下跌,一直下跌,一直下跌,一直下跌,一直下跌,一直下跌,一直下跌,一直下跌,一直下跌,一直下跌,一直下跌,一直下跌,一直下跌,一直下跌,一直下跌,一直下跌,一直下跌,一直下跌,一直下跌,一直下跌,一直下跌,一直下跌
510230,金融ETF国泰,一直下跌,一直下跌,一直下跌,一直下跌,震荡下跌,一直下跌,一直下跌,震荡下跌,横盘震荡,震荡下跌,横盘震荡,横盘震荡,横盘震荡,横盘震荡,震荡下跌,横盘震荡,震荡下跌,一直下跌,震荡下跌,一直下跌,一直下跌,一直下跌,一直下跌,一直下跌,一直下跌
513730,东南亚科技ETF华泰柏瑞,横盘震荡,横盘震荡,横盘震荡,横盘震荡,横盘震荡,横盘震荡,一直下跌,一直下跌,一直下跌,震荡下跌,震荡下跌,震荡下跌,横盘震荡,横盘震荡,横盘震荡,震荡下跌,一直下跌,一直下跌,一直下跌,一直下跌,一直下跌,一直下跌,一直下跌,一直下跌,一直下跌
516520,智能驾驶ETF华泰柏瑞,震荡下跌,震荡下跌,震荡下跌,横盘震荡,横盘震荡,横盘震荡,震荡下跌,横盘震荡,震荡下跌,一直下跌,震荡下跌,震荡下跌,横盘震荡,横盘震荡,横盘震荡,震荡下跌,震荡下跌,震荡下跌,震荡下跌,一直下跌,震荡下跌,横盘震荡,震荡下跌,震荡下跌,震荡下跌
518600,金ETF广发,一直下跌,一直下跌,一直下跌,一直下跌,横盘震荡,震荡下跌,一直下跌,一直下跌,一直下跌,一直下跌,一直下跌,一直下跌,一直下跌,一直下跌,一直下跌,一直下跌,一直下跌,一直下跌,一直下跌,一直下跌,一直下跌,一直下跌,一直下跌,一直下跌,一直下跌
159529,标普消费ETF景顺,震荡上涨,震荡上涨,横盘震荡,横盘震荡,横盘震荡,横盘震荡,横盘震荡,横盘震荡,横盘震荡,横盘震荡,横盘震荡,震荡上涨,横盘震荡,横盘震荡,横盘震荡,横盘震荡,震荡下跌,震荡下跌,横盘震荡,震荡下跌,震荡下跌,震荡下跌,震荡下跌,震荡下跌,横盘震荡
159939,信息技术ETF广发,强势,强势,强势,强势,强势,震荡上涨,横盘震荡,震荡上涨,震荡上涨,震荡上涨,震荡上涨,震荡上涨,震荡上涨,震荡上涨,震荡上涨,震荡上涨,震荡上涨,强势,强势,强势,强势,强势,强势,强势,强势
159680,中证1000增强ETF招商,震荡上涨,强势,横盘震荡,横盘震荡,横盘震荡,横盘震荡,横盘震荡,横盘震荡,横盘震荡,横盘震荡,横盘震荡,横盘震荡,震荡上涨,强势,震荡上涨,强势,震荡上涨,强势,强势,强势,强势,强势,强势,强势,强势
515380,沪深300ETF泰康,强势,强势,震荡上涨,震荡上涨,震荡上涨,横盘震荡,横盘震荡,横盘震荡,横盘震荡,横盘震荡,震荡上涨,震荡上涨,震荡上涨,强势,强势,强势,震荡上涨,强势,强势,横盘震荡,强势,强势,震荡上涨,横盘震荡,震荡上涨
513080,法国ETF华安,横盘震荡,横盘震荡,横盘震荡,横盘震荡,横盘震荡,横盘震荡,震荡下跌,横盘震荡,横盘震荡,横盘震荡,震荡上涨,震荡上涨,震荡上涨,震荡上涨,震荡上涨,横盘震荡,震荡下跌,震荡下跌,震荡下跌,震荡下跌,震荡下跌,震荡下跌,震荡下跌,震荡下跌,横盘震荡
588350,科创创业50ETF鹏扬,强势,强势,强势,强势,强势,震荡上涨,震荡上涨,震荡上涨,震荡上涨,震荡上涨,震荡上涨,震荡上涨,震荡上涨,震荡上涨,震荡上涨,震荡上涨,震荡上涨,震荡上涨,震荡上涨,震荡上涨,超强势,超强势,超强势,震荡上涨,震荡上涨
513600,恒生指数ETF南方,一直下跌,一直下跌,震荡下跌,震荡下跌,横盘震荡,震荡下跌,一直下跌,一直下跌,一直下跌,一直下跌,震荡下跌,一直下跌,一直下跌,一直下跌,一直下跌,一直下跌,一直下跌,一直下跌,一直下跌,一直下跌,一直下跌,一直下跌,一直下跌,一直下跌,一直下跌
588460,科创50增强ETF鹏华,强势,强势,震荡上涨,震荡上涨,震荡上涨,震荡上涨,横盘震荡,横盘震荡,横盘震荡,震荡上涨,震荡上涨,震荡上涨,横盘震荡,震荡上涨,震荡上涨,震荡上涨,震荡上涨,超强势,超强势,超强势,超强势,超强势,超强势,超强势,超强势
588020,科创成长ETF易方达,强势,强势,震荡上涨,强势,强势,震荡上涨,震荡上涨,震荡上涨,震荡上涨,震荡上涨,震荡上涨,强势,震荡上涨,超强势,超强势,超强势,超强势,超强势,超强势,超强势,超强势,超强势,超强势,超强势,超强势
518860,上海金ETF建信,一直下跌,一直下跌,一直下跌,一直下跌,横盘震荡,震荡下跌,一直下跌,一直下跌,一直下跌,一直下跌,一直下跌,一直下跌,一直下跌,一直下跌,一直下跌,一直下跌,一直下跌,一直下跌,一直下跌,一直下跌,一直下跌,一直下跌,一直下跌,一直下跌,一直下跌
